[
  {
    "id": "1",
    "user": {
      "id": "u2",
      "name": "Lukas",
      "image": "https://notjustdev-dummy.s3.us-east-2.amazonaws.com/avatars/lukas.jpeg"
    },
    "lastMessage": {
      "id": "m1",
      "text": "Well done this sprint, guys!",
      "createdAt": "2022-10-14T13:30:00.000Z"
    }
  },
  {
    "id": "2",
    "user": {
      "id": "u3",
      "name": "Daniil Top",
      "image": "https://notjustdev-dummy.s3.us-east-2.amazonaws.com/avatars/1.jpg"
    },
    "lastMessage": {
      "id": "m2",
      "text": "How are you doing? Did you get any chance to look at what I've sent you?",
      "createdAt": "2022-10-14T10:48:00.000Z"
    }
  },
  {
    "id": "3",
    "user": {
      "id": "u4",
      "name": "Alex",
      "image": "https://notjustdev-dummy.s3.us-east-2.amazonaws.com/avatars/8.png"
    },
    "lastMessage": {
      "id": "m3",
      "text": "Hi, Vadim. I hope the plans for to night are still on.",
      "createdAt": "2022-10-13T20:48:00.000Z"
    }
  },
  {
    "id": "4",
    "user": {
      "id": "u5",
      "name": "Vlad",
      "image": "https://notjustdev-dummy.s3.us-east-2.amazonaws.com/avatars/jeff.jpeg"
    },
    "lastMessage": {
      "id": "m4",
      "text": "Could you please review my last merge?",
      "createdAt": "2022-10-12T14:48:00.000Z"
    }
  },
  {
    "id": "5",
    "user": {
      "id": "u6",
      "name": "Elon Musk",
      "image": "https://notjustdev-dummy.s3.us-east-2.amazonaws.com/avatars/elon.png"
    },
    "lastMessage": {
      "id": "m5",
      "text": "I would be happy meeting you",
      "createdAt": "2022-10-11T14:48:00.000Z"
    }
  },
  {
    "id": "6",
    "user": {
      "id": "u7",
      "name": "Adrian",
      "image": "https://notjustdev-dummy.s3.us-east-2.amazonaws.com/avatars/graham.jpg"
    },
    "lastMessage": {
      "id": "m6",
      "text": "I think I have a solution for tha.",
      "createdAt": "2022-10-10T14:48:00.000Z"
    }
  },
  {
    "id": "7",
    "user": {
      "id": "u8",
      "name": "Borja",
      "image": "https://notjustdev-dummy.s3.us-east-2.amazonaws.com/avatars/zuck.jpeg"
    },
    "lastMessage": {
      "id": "m7",
      "text": "How are you doing?",
      "createdAt": "2022-10-09T14:30:00.000Z"
    }
  },
  {
    "id": "8",
    "user": {
      "id": "u9",
      "name": "Mom",
      "image": "https://image.shutterstock.com/image-vector/super-mom-hero-superhero-cartoon-600w-720015928.jpg"
    },
    "lastMessage": {
      "id": "m8",
      "text": "Dear, what did you eat, today?",
      "createdAt": "2020-09-27T15:40:00.000Z"
    }
  },
  {
    "id": "9",
    "user": {
      "id": "u9",
      "name": "Andrei",
      "image": "https://notjustdev-dummy.s3.us-east-2.amazonaws.com/avatars/4.jpg"
    },
    "lastMessage": {
      "id": "m8",
      "text": "What about our podcast?",
      "createdAt": "2020-09-27T15:40:00.000Z"
    }
  },
  {
    "id": "10",
    "user": {
      "id": "u9",
      "name": "Misha",
      "image": "https://notjustdev-dummy.s3.us-east-2.amazonaws.com/avatars/biahaze.jpg"
    },
    "lastMessage": {
      "id": "m8",
      "text": "Do I have to send you any more details?",
      "createdAt": "2020-09-27T15:40:00.000Z"
    }
  },
  {
    "id": "11",
    "user": {
      "id": "u9",
      "name": "Alina",
      "image": "https://notjustdev-dummy.s3.us-east-2.amazonaws.com/avatars/7.png"
    },
    "lastMessage": {
      "id": "m8",
      "text": "Here is a picture of Mark.",
      "createdAt": "2020-09-27T15:40:00.000Z"
    }
  }
]
